'Reference';'Qty';'Value';'DNP';'Exclude from BOM';'Exclude from Board';'Footprint';'Datasheet'
'BT1';'1';'BK-18650-PC2';'';'';'';'Uklad_wzmacniaczy_footprints:BAT_BK-18650-PC2';'https://www.digikey.co.uk/en/products/detail/mpd-memory-protection-devices/BK-18650-PC2/2079908'
'C1,C2,C3,C6,C10,C11,C16,C21,C23,C27,C31,C34,C35,C42,C43';'15';'10u';'';'';'';'Capacitor_SMD:C_0603_1608Metric_Pad1.08x0.95mm_HandSolder';''
'C4,C5,C8,C9,C12,C17,C19,C20,C22,C24,C28,C44,C45,C46,C47';'15';'100n';'';'';'';'Capacitor_SMD:C_0603_1608Metric_Pad1.08x0.95mm_HandSolder';''
'C7,C13,C18';'3';'1n';'';'';'';'Capacitor_SMD:C_0603_1608Metric_Pad1.08x0.95mm_HandSolder';''
'C14,C15,C41';'3';'10n';'';'';'';'Capacitor_SMD:C_0603_1608Metric_Pad1.08x0.95mm_HandSolder';''
'C25,C26,C30,C32,C33';'5';'4.7u';'';'';'';'Capacitor_SMD:C_0603_1608Metric_Pad1.08x0.95mm_HandSolder';''
'C29';'1';'0.47u';'';'';'';'Capacitor_SMD:C_0603_1608Metric_Pad1.08x0.95mm_HandSolder';''
'C36';'1';'1u';'';'';'';'Capacitor_SMD:C_0603_1608Metric_Pad1.08x0.95mm_HandSolder';''
'C37';'1';'10p';'';'';'';'Capacitor_SMD:C_0603_1608Metric_Pad1.08x0.95mm_HandSolder';''
'C38,C39,C40';'3';'22u';'';'';'';'Capacitor_SMD:C_0603_1608Metric_Pad1.08x0.95mm_HandSolder';''
'D1';'1';'LED';'';'';'';'LED_SMD:LED_0805_2012Metric_Pad1.15x1.40mm_HandSolder';''
'J1';'1';'SJ1-3523N';'';'';'';'Uklad_wzmacniaczy_footprints:CUI_SJ1-3523N';''
'J2';'1';'MEM2080-00-128-00-A';'';'';'';'Uklad_wzmacniaczy_footprints:CONN_MEM2080-00-128-00-A_GCT';'MEM2080-00-128-00-A'
'J3';'1';'Conn_01x10_Pin';'';'';'';'Connector_PinHeader_2.54mm:PinHeader_2x05_P2.54mm_Horizontal';''
'L1';'1';'2.2u';'';'';'';'Uklad_wzmacniaczy_footprints:INDC2520X120N';''
'L2';'1';'1u';'';'';'';'Uklad_wzmacniaczy_footprints:IND_SPM6530T-1R0M120';''
'R1,R5,R7';'3';'33';'';'';'';'Resistor_SMD:R_0603_1608Metric_Pad0.98x0.95mm_HandSolder';''
'R2,R9';'2';'220k';'';'';'';'Resistor_SMD:R_0603_1608Metric_Pad0.98x0.95mm_HandSolder';''
'R3,R11';'2';'523';'';'';'';'Resistor_SMD:R_0603_1608Metric_Pad0.98x0.95mm_HandSolder';''
'R4,R10';'2';'200-400k';'';'';'';'Resistor_SMD:R_0603_1608Metric_Pad0.98x0.95mm_HandSolder';''
'R6,R8';'2';'10k';'';'';'';'Resistor_SMD:R_0603_1608Metric_Pad0.98x0.95mm_HandSolder';''
'R12,R15';'2';'49.9k';'';'';'';'Resistor_SMD:R_0603_1608Metric_Pad0.98x0.95mm_HandSolder';''
'R13';'1';'365k';'';'';'';'Resistor_SMD:R_0603_1608Metric_Pad0.98x0.95mm_HandSolder';''
'R14';'1';'120k';'';'';'';'Resistor_SMD:R_0603_1608Metric_Pad0.98x0.95mm_HandSolder';''
'R16';'1';'487k';'';'';'';'Resistor_SMD:R_0603_1608Metric_Pad0.98x0.95mm_HandSolder';''
'R17';'1';'1M';'';'';'';'Resistor_SMD:R_0603_1608Metric_Pad0.98x0.95mm_HandSolder';''
'R18';'1';'332k';'';'';'';'Resistor_SMD:R_0603_1608Metric_Pad0.98x0.95mm_HandSolder';''
'R19';'1';'2k';'';'';'';'Resistor_SMD:R_0603_1608Metric_Pad0.98x0.95mm_HandSolder';''
'R20';'1';'41.2k';'';'';'';'Resistor_SMD:R_0603_1608Metric_Pad0.98x0.95mm_HandSolder';''
'U1';'1';'OPA2388IDR';'';'';'';'Uklad_wzmacniaczy_footprints:D0008A-IPC_A';'https://www.ti.com/lit/gpn/opa2388'
'U2';'1';'REF2033QDDCRQ1';'';'';'';'Uklad_wzmacniaczy_footprints:SOT-23-THIN-5_DDC_TEX';'https://www.ti.com/lit/gpn/ref20-q1'
'U3,U5';'2';'AD8421ARMZ';'';'';'';'Uklad_wzmacniaczy_footprints:RM_8_ADI';'https://www.analog.com/media/en/technical-documentation/data-sheets/AD8421-EP.pdf'
'U4';'1';'OPA388IDR';'';'';'';'Uklad_wzmacniaczy_footprints:D8_TEX';'https://www.ti.com/lit/gpn/opa388'
'U6';'1';'TPD4E1B06DRLR';'';'';'';'Uklad_wzmacniaczy_footprints:SOT50P160X60-6N';''
'U7,U10,U11';'3';'AD5162BRMZ10-RL7';'';'';'';'Uklad_wzmacniaczy_footprints:RM_10_ADI';'https://www.analog.com/media/en/technical-documentation/data-sheets/AD5162.pdf'
'U8';'1';'LT3042EMSE-TRPBF';'';'';'';'Uklad_wzmacniaczy_footprints:05-08-1664_ADI';'https://www.analog.com/media/en/technical-documentation/data-sheets/lt3042.pdf'
'U9';'1';'TPS65135RTER';'';'';'';'Uklad_wzmacniaczy_footprints:RTE16_1P7X1P7';'https://www.digikey.co.uk/en/products/detail/texas-instruments/TPS65135RTER/2782705'
'U12';'1';'LT3094EMSE-TRPBF';'';'';'';'Uklad_wzmacniaczy_footprints:MSE_05-08-1666_ADI';'https://www.analog.com/media/en/technical-documentation/data-sheets/LT3094.pdf'
'U13';'1';'Nucleo-H755ZIQ-Morpho';'';'';'';'Uklad_wzmacniaczy_footprints:Nucleo-H755ZIQ-Morpho';''
'U14';'1';'TPS61236PRWLR';'';'';'';'Uklad_wzmacniaczy_footprints:RWL0009A';'https://www.ti.com/lit/gpn/tps61236p'
'U15';'1';'LD1117S50TR_SOT223';'';'';'';'Package_TO_SOT_SMD:SOT-223-3_TabPin2';'http://www.st.com/st-web-ui/static/active/en/resource/technical/document/datasheet/CD00000544.pdf'
